nome;ramo;end;tel
citroen e peugeot dealer;concessionaria;386 rua joinville;1135158877
pontual automoveis;revendedora de carros usados;r. rosangela mariana limas, 357;114142878820
lk veiculos;revendedora de carros usados;av. rubens caramez, 1125;1141435513
brother's car;revendedora de carros usados;r. americo valentin cristianini, 9;11940427842
buda veiculos;revendedora de carros usados;r. bonifacio de abreu, 560;1142051081
cotrim automoveis;revendedora de carros usados;r. bonifacio de abreu, 560;1134496827
classe a automoveis;concessionaria;av. cesario de abreu, 826;11948106479
kj veiculos;revendedora de carros usados;r. bonifacio de abreu, 302;1141417934
cr veiculos;revendedora de carros usados;av. pres. vargas, 502;1141426682
guscar automoveis;agente comercial de carros;av. pres. vargas, 1023;11930741629
alianca veiculos;concessionaria;av. pres. vargas, 987;1141428004
carros rebaixados;revendedora de carros usados;amador bueno - 605;1141444032
drmotors;revendedora de carros usados;r. agostinho ferreira campos, 368;11986184626
auge automoveis;agente comercial de carros;av. cesario de abreu, 655;1142051067
leo multimarcas;loja;r. bonifacio de abreu, 524;1145537342
camarada veiculos;concessionaria;rod. eng. rene benedito da silva, 2004;11947034949
acars prime;concessionaria;r. agostinho ferreira campos, 665;11947246754
honda hville osasco;concessionaria honda;625 avenida prefeito hirant sanazar;1136834444
s imports cars (veiculos aldeia serra e regiao) barueri - sp;revendedora de carros usados;estr. dr. yojiro takaoka;1141922400
lucas film aplicacao de insulfilm;loja de som para carros;av. carolina de abreu paulino, 76;11943368363
auto eletrico dj som;loja de som para carros;av. cesario de abreu, 898;11951942446
curti som audio parts;loja de som para carros;loja 3 500, r. bonifacio de abreu;11963153785
modesto baterias e lava rapido ( representante moura);loja de baterias de carro;av. carolina de abreu paulino, 71;11947463510
wr baterias;loja de baterias de carro;av. carolina de abreu paulino, 13;11978954650
auto center m3 car service;mecanica para carros;r. jose michelotti, 75;11949080598
engenho acessorios automotivos;loja de acessorios automotivos;r. ezequiel dias siqueira, 122;11980973705
casa de bateria;loja de baterias de carro;av. bruna, 78;11940100002
vibe insulfilm;loja de acessorios automotivos;r. prof. dimaraes antonio sandei, 351;11994558231
naldo comercio de pecas;loja de pecas automotivas usadas;rod. eng. rene benedito da silva, 596;11985214381
vancar veiculos;revendedora de carros usados;jandira - sp;11982352642
atacadao das baterias;loja de baterias de carro;r. serra de parima, 671;11948732080
lubvargas lubrificantes e filtros ind e automotivo.;servico de troca de oleo;av. pres. vargas, 661;11947137047
auto pecas almeida;loja de autopecas;av. rubens caramez, 1075;1141426593
jb baterias;loja de baterias de carro;r. nelson ferreira da costa abre sab. as 08:00nannannan;
centro automotivo e auto pecas lubvargas;departamento de veiculos automotores;av. pres. vargas, 688;11940135865
tonimar autopecas e acessorios;loja de autopecas;rod. eng. rene benedito da silva, 618;1141415030
arp baterias;loja de baterias de carro;av. carolina de abreu paulino, 216;11916873302
